{"position":{"x":5.038308143615723,"y":2.17588472366333,"z":0.0},"fliped":true,"score":3.0,"bearPosition":{"x":2.524693250656128,"y":0.25359323620796206,"z":0.0},"GafanhotoPositions":[{"x":0.6468709111213684,"y":0.6306493282318115}]}